{"assets/icon/Amazon.png":["assets/icon/Amazon.png"],"assets/icon/Facebook.png":["assets/icon/Facebook.png"],"assets/icon/Gemini.png":["assets/icon/Gemini.png"],"assets/icon/GoogleCloud.png":["assets/icon/GoogleCloud.png"],"assets/icon/Instagram.png":["assets/icon/Instagram.png"],"assets/icon/LinkedIn.png":["assets/icon/LinkedIn.png"],"assets/icon/Shutterstock.png":["assets/icon/Shutterstock.png"],"assets/icon/X.png":["assets/icon/X.png"],"assets/icon/YouTube.png":["assets/icon/YouTube.png"],"assets/icon/chatgpt.png":["assets/icon/chatgpt.png"],"assets/icon/education.png":["assets/icon/education.png"],"assets/icon/generative.png":["assets/icon/generative.png"],"assets/icon/google.png":["assets/icon/google.png"],"assets/icon/knowledge.png":["assets/icon/knowledge.png"],"assets/icon/logo.png":["assets/icon/logo.png"],"assets/icon/microsoft.png":["assets/icon/microsoft.png"],"assets/icon/practical.png":["assets/icon/practical.png"],"assets/images/Career.png":["assets/images/Career.png"],"assets/images/Frame1.png":["assets/images/Frame1.png"],"assets/images/Frame2.png":["assets/images/Frame2.png"],"assets/images/Frame3.png":["assets/images/Frame3.png"],"assets/images/Frame4.png":["assets/images/Frame4.png"],"assets/images/Frame5.png":["assets/images/Frame5.png"],"assets/images/Frame6.png":["assets/images/Frame6.png"],"assets/images/Frame7.png":["assets/images/Frame7.png"],"assets/images/Frame8.png":["assets/images/Frame8.png"],"assets/images/Guide.png":["assets/images/Guide.png"],"assets/images/Learning.png":["assets/images/Learning.png"],"assets/images/about.png":["assets/images/about.png"],"assets/images/aboutthis.png":["assets/images/aboutthis.png"],"assets/images/coursebanner.png":["assets/images/coursebanner.png"],"assets/images/events.png":["assets/images/events.png"],"assets/images/events2.png":["assets/images/events2.png"],"assets/images/home_baner.png":["assets/images/home_baner.png"],"assets/images/im1.png":["assets/images/im1.png"],"assets/images/im2.png":["assets/images/im2.png"],"assets/images/im3.png":["assets/images/im3.png"],"assets/images/pic1.png":["assets/images/pic1.png"],"assets/images/pic2.png":["assets/images/pic2.png"],"assets/images/pic3.png":["assets/images/pic3.png"],"assets/images/pic4.png":["assets/images/pic4.png"],"packages/cupertino_icons/assets/CupertinoIcons.ttf":["packages/cupertino_icons/assets/CupertinoIcons.ttf"]}